﻿{
  "overall": 90,
  "stages": {
    "stage0": 100,
    "stage1": 100,
    "stage2": 100,
    "stage3": 100,
    "stage4": 100,
    "stage5": 85,
    "stage6": 70,
    "stage7": 70
  },
  "updatedAt": "2025-01-09T16:30:00Z",
  "status": "STAGE5_IN_PROGRESS",
  "completionDate": null,
  "totalFiles": 180,
  "totalLinesOfCode": 38000,
  "testCoverage": "85%",
  "documentationComplete": true,
  "deploymentReady": false,
  "optimizationComplete": false,
  "monitoringComplete": false,
  "operationsReady": false,
  "systemOptimizationComplete": false,
  "performanceOptimizationComplete": false,
  "incrementalOptimization": {
    "memoryOptimization": true,
    "databaseOptimization": true,
    "apiOptimization": true,
    "monitoringComplete": true,
    "performanceTests": true,
    "healthDashboard": true,
    "dynamicConfiguration": true,
    "operationsManual": true,
    "systemOptimizationServices": true,
    "responseTimeMonitoring": true,
    "queryOptimization": true,
    "databaseConnectionPool": true,
    "optimizationGuide": true,
    "optimizationSummary": true,
    "compilationErrorFix": true,
    "readModelCreation": true,
    "duplicateModelCleanup": true,
    "sqlConnectionFix": true,
    "interfaceImplementation": true,
    "namespaceCleanup": true,
    "encodingFix": true
  },
  "monitoringFeatures": {
    "healthDashboard": true,
    "dynamicConfiguration": true,
    "systemMetrics": true,
    "alerts": true,
    "performanceMonitoring": true,
    "memoryMonitoring": true,
    "databaseMonitoring": true,
    "responseTimeMonitoring": true,
    "queryAnalysis": true,
    "indexOptimization": true,
    "systemHealthMonitoring": true,
    "intelligentAlerts": true
  },
  "operationsFeatures": {
    "deploymentGuide": true,
    "monitoringGuide": true,
    "troubleshootingGuide": true,
    "maintenanceProcedures": true,
    "securityOperations": true,
    "disasterRecovery": true,
    "performanceOptimization": true,
    "systemTuning": true,
    "operationsManual": true
  },
  "optimizationFeatures": {
    "memoryOptimization": true,
    "databaseOptimization": true,
    "apiOptimization": true,
    "queryOptimization": true,
    "connectionPoolOptimization": true,
    "responseTimeOptimization": true,
    "systemMonitoring": true,
    "performanceAnalysis": true,
    "automatedOptimization": true,
    "intelligentRecommendations": true
  },
  "documentationFeatures": {
    "optimizationGuide": true,
    "optimizationSummary": true,
    "performanceNotes": true,
    "operationsManual": true,
    "deploymentGuide": true,
    "testingGuide": true,
    "architectureGuide": true
  },
  "systemRepair": {
    "compilationErrors": {
      "initial": 196,
      "current": 0,
      "reduction": 196,
      "status": "COMPLETED"
    },
    "readModels": {
      "created": ["CommerceReadModel", "CommunityReadModel", "AdditionalReadModel"],
      "status": "COMPLETED"
    },
    "duplicateCleanup": {
      "removed": ["MissingReadModels.cs", "Old Repositories", "Old ReadModels"],
      "status": "COMPLETED"
    },
    "sqlConnection": {
      "updated": "Microsoft.Data.SqlClient",
      "status": "COMPLETED"
    },
    "interfaces": {
      "created": ["ISeedDataRunner"],
      "status": "COMPLETED"
    },
    "namespaceCleanup": {
      "fixed": ["Program.cs", "GameSpaceDbContext.cs", "UsersController.cs", "NotificationService.cs"],
      "status": "COMPLETED"
    },
    "encodingFix": {
      "fixed": ["AdditionalReadModel.cs", "NotificationService.cs", "SeedDataRunner.cs"],
      "status": "COMPLETED"
    }
  }
}
