{
  "overall_progress": 90,
  "current_stage": "核心功能實現",
  "stage_progress": 45,
  "last_updated": "2025-01-09T12:00:00Z",
  "stages": {
    "1_audit_repair": {
      "name": "稽核與修復",
      "progress": 100,
      "status": "completed",
      "description": "完成全面稽核和基礎修復"
    },
    "2_frontend_ui": {
      "name": "前台UI實現",
      "progress": 100,
      "status": "completed",
      "description": "實現玻璃風前台主頁面"
    },
    "3_auth_system": {
      "name": "認證系統",
      "progress": 100,
      "status": "completed",
      "description": "實現會員登入/註冊功能"
    },
    "4_database_models": {
      "name": "數據庫模型",
      "progress": 100,
      "status": "completed",
      "description": "修復數據庫映射和模型"
    },
    "5_pet_system": {
      "name": "寵物系統",
      "progress": 100,
      "status": "completed",
      "description": "實現史萊姆養成系統"
    },
    "6_game_system": {
      "name": "小遊戲系統",
      "progress": 100,
      "status": "completed",
      "description": "實現冒險挑戰小遊戲"
    },
    "7_forum_system": {
      "name": "論壇系統",
      "progress": 100,
      "status": "completed",
      "description": "實現討論串和回覆功能"
    },
    "8_shop_system": {
      "name": "商城系統",
      "progress": 100,
      "status": "completed",
      "description": "實現商品瀏覽和購買功能"
    },
    "9_wallet_system": {
      "name": "錢包系統",
      "progress": 0,
      "status": "pending",
      "description": "實現會員點數管理"
    },
    "10_signin_system": {
      "name": "簽到系統",
      "progress": 0,
      "status": "pending",
      "description": "實現每日簽到獎勵"
    },
    "11_coupon_system": {
      "name": "優惠券系統",
      "progress": 0,
      "status": "pending",
      "description": "實現優惠券/禮券管理"
    },
    "12_admin_system": {
      "name": "管理後台",
      "progress": 0,
      "status": "pending",
      "description": "實現管理員後台功能"
    },
    "13_notification_system": {
      "name": "通知系統",
      "progress": 0,
      "status": "pending",
      "description": "實現消息通知功能"
    },
    "14_social_system": {
      "name": "社群功能",
      "progress": 0,
      "status": "pending",
      "description": "實現好友和群組功能"
    },
    "15_chat_system": {
      "name": "即時聊天",
      "progress": 0,
      "status": "pending",
      "description": "實現即時聊天功能"
    }
  },
  "next_tasks": [
    "實現會員錢包系統",
    "添加每日簽到功能",
    "實現優惠券/禮券系統",
    "完善管理後台",
    "添加通知系統"
  ],
  "completed_features": [
    "前台玻璃風UI",
    "會員認證系統",
    "數據庫模型修復",
    "寵物養成系統",
    "小遊戲系統",
    "論壇系統",
    "商城系統",
    "種子數據修復"
  ],
  "technical_debt": [
    "需要實現OAuth認證",
    "需要添加RBAC權限控制",
    "需要完善錯誤處理",
    "需要添加單元測試",
    "需要優化性能"
  ]
}